<?xml version="1.0" encoding="UTF-8"?>
<spirit:component xmlns:xilinx="http://www.xilinx.com" xmlns:spirit="http://www.spiritconsortium.org/XMLSchema/SPIRIT/1685-2009" xmlns:xsi="http://www.w3.org/2001/XMLSchema-instance">
  <spirit:vendor>xilinx.com</spirit:vendor>
  <spirit:library>customized_ip</spirit:library>
  <spirit:name>system_c_counter_binary_0_0</spirit:name>
  <spirit:version>1.0</spirit:version>
  <spirit:busInterfaces>
    <spirit:busInterface>
      <spirit:name>sset_intf</spirit:name>
      <spirit:busType spirit:vendor="xilinx.com" spirit:library="signal" spirit:name="data" spirit:version="1.0"/>
      <spirit:abstractionType spirit:vendor="xilinx.com" spirit:library="signal" spirit:name="data_rtl" spirit:version="1.0"/>
      <spirit:slave/>
      <spirit:portMaps>
        <spirit:portMap>
          <spirit:logicalPort>
            <spirit:name>DATA</spirit:name>
          </spirit:logicalPort>
          <spirit:physicalPort>
            <spirit:name>SSET</spirit:name>
          </spirit:physicalPort>
        </spirit:portMap>
      </spirit:portMaps>
      <spirit:parameters>
        <spirit:parameter>
          <spirit:name>LAYERED_METADATA</spirit:name>
          <spirit:value spirit:resolve="generated" spirit:id="BUSIFPARAM_VALUE.SSET_INTF.LAYERED_METADATA">undef</spirit:value>
          <spirit:vendorExtensions>
            <xilinx:parameterInfo>
              <xilinx:parameterUsage>none</xilinx:parameterUsage>
            </xilinx:parameterInfo>
          </spirit:vendorExtensions>
        </spirit:parameter>
      </spirit:parameters>
    </spirit:busInterface>
    <spirit:busInterface>
      <spirit:name>clk_intf</spirit:name>
      <spirit:busType spirit:vendor="xilinx.com" spirit:library="signal" spirit:name="clock" spirit:version="1.0"/>
      <spirit:abstractionType spirit:vendor="xilinx.com" spirit:library="signal" spirit:name="clock_rtl" spirit:version="1.0"/>
      <spirit:slave/>
      <spirit:portMaps>
        <spirit:portMap>
          <spirit:logicalPort>
            <spirit:name>CLK</spirit:name>
          </spirit:logicalPort>
          <spirit:physicalPort>
            <spirit:name>CLK</spirit:name>
          </spirit:physicalPort>
        </spirit:portMap>
      </spirit:portMaps>
      <spirit:parameters>
        <spirit:parameter>
          <spirit:name>ASSOCIATED_BUSIF</spirit:name>
          <spirit:value spirit:id="BUSIFPARAM_VALUE.CLK_INTF.ASSOCIATED_BUSIF">q_intf:thresh0_intf:l_intf:load_intf:up_intf:sinit_intf:sset_intf</spirit:value>
        </spirit:parameter>
        <spirit:parameter>
          <spirit:name>ASSOCIATED_RESET</spirit:name>
          <spirit:value spirit:id="BUSIFPARAM_VALUE.CLK_INTF.ASSOCIATED_RESET">SCLR</spirit:value>
        </spirit:parameter>
        <spirit:parameter>
          <spirit:name>ASSOCIATED_CLKEN</spirit:name>
          <spirit:value spirit:id="BUSIFPARAM_VALUE.CLK_INTF.ASSOCIATED_CLKEN">CE</spirit:value>
        </spirit:parameter>
        <spirit:parameter>
          <spirit:name>FREQ_HZ</spirit:name>
          <spirit:displayName>clk</spirit:displayName>
          <spirit:value spirit:format="long" spirit:resolve="user" spirit:id="BUSIFPARAM_VALUE.CLK_INTF.FREQ_HZ">10000000</spirit:value>
        </spirit:parameter>
        <spirit:parameter>
          <spirit:name>FREQ_TOLERANCE_HZ</spirit:name>
          <spirit:value spirit:format="long" spirit:resolve="generated" spirit:id="BUSIFPARAM_VALUE.CLK_INTF.FREQ_TOLERANCE_HZ">0</spirit:value>
          <spirit:vendorExtensions>
            <xilinx:parameterInfo>
              <xilinx:parameterUsage>none</xilinx:parameterUsage>
            </xilinx:parameterInfo>
          </spirit:vendorExtensions>
        </spirit:parameter>
        <spirit:parameter>
          <spirit:name>PHASE</spirit:name>
          <spirit:value spirit:format="float" spirit:resolve="generated" spirit:id="BUSIFPARAM_VALUE.CLK_INTF.PHASE">0.000</spirit:value>
          <spirit:vendorExtensions>
            <xilinx:parameterInfo>
              <xilinx:parameterUsage>none</xilinx:parameterUsage>
            </xilinx:parameterInfo>
          </spirit:vendorExtensions>
        </spirit:parameter>
        <spirit:parameter>
          <spirit:name>CLK_DOMAIN</spirit:name>
          <spirit:value spirit:resolve="generated" spirit:id="BUSIFPARAM_VALUE.CLK_INTF.CLK_DOMAIN"/>
          <spirit:vendorExtensions>
            <xilinx:parameterInfo>
              <xilinx:parameterUsage>none</xilinx:parameterUsage>
            </xilinx:parameterInfo>
          </spirit:vendorExtensions>
        </spirit:parameter>
        <spirit:parameter>
          <spirit:name>INSERT_VIP</spirit:name>
          <spirit:value spirit:format="long" spirit:resolve="user" spirit:id="BUSIFPARAM_VALUE.CLK_INTF.INSERT_VIP">0</spirit:value>
          <spirit:vendorExtensions>
            <xilinx:parameterInfo>
              <xilinx:parameterUsage>simulation.rtl</xilinx:parameterUsage>
            </xilinx:parameterInfo>
          </spirit:vendorExtensions>
        </spirit:parameter>
      </spirit:parameters>
    </spirit:busInterface>
    <spirit:busInterface>
      <spirit:name>sclr_intf</spirit:name>
      <spirit:busType spirit:vendor="xilinx.com" spirit:library="signal" spirit:name="reset" spirit:version="1.0"/>
      <spirit:abstractionType spirit:vendor="xilinx.com" spirit:library="signal" spirit:name="reset_rtl" spirit:version="1.0"/>
      <spirit:slave/>
      <spirit:portMaps>
        <spirit:portMap>
          <spirit:logicalPort>
            <spirit:name>RST</spirit:name>
          </spirit:logicalPort>
          <spirit:physicalPort>
            <spirit:name>SCLR</spirit:name>
          </spirit:physicalPort>
        </spirit:portMap>
      </spirit:portMaps>
      <spirit:parameters>
        <spirit:parameter>
          <spirit:name>POLARITY</spirit:name>
          <spirit:value spirit:id="BUSIFPARAM_VALUE.SCLR_INTF.POLARITY">ACTIVE_HIGH</spirit:value>
        </spirit:parameter>
        <spirit:parameter>
          <spirit:name>INSERT_VIP</spirit:name>
          <spirit:value spirit:format="long" spirit:resolve="user" spirit:id="BUSIFPARAM_VALUE.SCLR_INTF.INSERT_VIP">0</spirit:value>
          <spirit:vendorExtensions>
            <xilinx:parameterInfo>
              <xilinx:parameterUsage>simulation.rtl</xilinx:parameterUsage>
            </xilinx:parameterInfo>
          </spirit:vendorExtensions>
        </spirit:parameter>
      </spirit:parameters>
    </spirit:busInterface>
    <spirit:busInterface>
      <spirit:name>ce_intf</spirit:name>
      <spirit:busType spirit:vendor="xilinx.com" spirit:library="signal" spirit:name="clockenable" spirit:version="1.0"/>
      <spirit:abstractionType spirit:vendor="xilinx.com" spirit:library="signal" spirit:name="clockenable_rtl" spirit:version="1.0"/>
      <spirit:slave/>
      <spirit:portMaps>
        <spirit:portMap>
          <spirit:logicalPort>
            <spirit:name>CE</spirit:name>
          </spirit:logicalPort>
          <spirit:physicalPort>
            <spirit:name>CE</spirit:name>
          </spirit:physicalPort>
        </spirit:portMap>
      </spirit:portMaps>
      <spirit:parameters>
        <spirit:parameter>
          <spirit:name>POLARITY</spirit:name>
          <spirit:value spirit:id="BUSIFPARAM_VALUE.CE_INTF.POLARITY">ACTIVE_HIGH</spirit:value>
        </spirit:parameter>
      </spirit:parameters>
    </spirit:busInterface>
    <spirit:busInterface>
      <spirit:name>sinit_intf</spirit:name>
      <spirit:busType spirit:vendor="xilinx.com" spirit:library="signal" spirit:name="data" spirit:version="1.0"/>
      <spirit:abstractionType spirit:vendor="xilinx.com" spirit:library="signal" spirit:name="data_rtl" spirit:version="1.0"/>
      <spirit:slave/>
      <spirit:portMaps>
        <spirit:portMap>
          <spirit:logicalPort>
            <spirit:name>DATA</spirit:name>
          </spirit:logicalPort>
          <spirit:physicalPort>
            <spirit:name>SINIT</spirit:name>
          </spirit:physicalPort>
        </spirit:portMap>
      </spirit:portMaps>
      <spirit:parameters>
        <spirit:parameter>
          <spirit:name>LAYERED_METADATA</spirit:name>
          <spirit:value spirit:resolve="generated" spirit:id="BUSIFPARAM_VALUE.SINIT_INTF.LAYERED_METADATA">undef</spirit:value>
          <spirit:vendorExtensions>
            <xilinx:parameterInfo>
              <xilinx:parameterUsage>none</xilinx:parameterUsage>
            </xilinx:parameterInfo>
          </spirit:vendorExtensions>
        </spirit:parameter>
      </spirit:parameters>
    </spirit:busInterface>
    <spirit:busInterface>
      <spirit:name>up_intf</spirit:name>
      <spirit:busType spirit:vendor="xilinx.com" spirit:library="signal" spirit:name="data" spirit:version="1.0"/>
      <spirit:abstractionType spirit:vendor="xilinx.com" spirit:library="signal" spirit:name="data_rtl" spirit:version="1.0"/>
      <spirit:slave/>
      <spirit:portMaps>
        <spirit:portMap>
          <spirit:logicalPort>
            <spirit:name>DATA</spirit:name>
          </spirit:logicalPort>
          <spirit:physicalPort>
            <spirit:name>UP</spirit:name>
          </spirit:physicalPort>
        </spirit:portMap>
      </spirit:portMaps>
      <spirit:parameters>
        <spirit:parameter>
          <spirit:name>LAYERED_METADATA</spirit:name>
          <spirit:value spirit:resolve="generated" spirit:id="BUSIFPARAM_VALUE.UP_INTF.LAYERED_METADATA">undef</spirit:value>
          <spirit:vendorExtensions>
            <xilinx:parameterInfo>
              <xilinx:parameterUsage>none</xilinx:parameterUsage>
            </xilinx:parameterInfo>
          </spirit:vendorExtensions>
        </spirit:parameter>
      </spirit:parameters>
    </spirit:busInterface>
    <spirit:busInterface>
      <spirit:name>load_intf</spirit:name>
      <spirit:busType spirit:vendor="xilinx.com" spirit:library="signal" spirit:name="data" spirit:version="1.0"/>
      <spirit:abstractionType spirit:vendor="xilinx.com" spirit:library="signal" spirit:name="data_rtl" spirit:version="1.0"/>
      <spirit:slave/>
      <spirit:portMaps>
        <spirit:portMap>
          <spirit:logicalPort>
            <spirit:name>DATA</spirit:name>
          </spirit:logicalPort>
          <spirit:physicalPort>
            <spirit:name>LOAD</spirit:name>
          </spirit:physicalPort>
        </spirit:portMap>
      </spirit:portMaps>
      <spirit:parameters>
        <spirit:parameter>
          <spirit:name>LAYERED_METADATA</spirit:name>
          <spirit:value spirit:resolve="generated" spirit:id="BUSIFPARAM_VALUE.LOAD_INTF.LAYERED_METADATA">undef</spirit:value>
          <spirit:vendorExtensions>
            <xilinx:parameterInfo>
              <xilinx:parameterUsage>none</xilinx:parameterUsage>
            </xilinx:parameterInfo>
          </spirit:vendorExtensions>
        </spirit:parameter>
      </spirit:parameters>
    </spirit:busInterface>
    <spirit:busInterface>
      <spirit:name>l_intf</spirit:name>
      <spirit:busType spirit:vendor="xilinx.com" spirit:library="signal" spirit:name="data" spirit:version="1.0"/>
      <spirit:abstractionType spirit:vendor="xilinx.com" spirit:library="signal" spirit:name="data_rtl" spirit:version="1.0"/>
      <spirit:slave/>
      <spirit:portMaps>
        <spirit:portMap>
          <spirit:logicalPort>
            <spirit:name>DATA</spirit:name>
          </spirit:logicalPort>
          <spirit:physicalPort>
            <spirit:name>L</spirit:name>
          </spirit:physicalPort>
        </spirit:portMap>
      </spirit:portMaps>
      <spirit:parameters>
        <spirit:parameter>
          <spirit:name>LAYERED_METADATA</spirit:name>
          <spirit:value spirit:resolve="generated" spirit:id="BUSIFPARAM_VALUE.L_INTF.LAYERED_METADATA">undef</spirit:value>
          <spirit:vendorExtensions>
            <xilinx:parameterInfo>
              <xilinx:parameterUsage>none</xilinx:parameterUsage>
            </xilinx:parameterInfo>
          </spirit:vendorExtensions>
        </spirit:parameter>
      </spirit:parameters>
    </spirit:busInterface>
    <spirit:busInterface>
      <spirit:name>thresh0_intf</spirit:name>
      <spirit:busType spirit:vendor="xilinx.com" spirit:library="signal" spirit:name="data" spirit:version="1.0"/>
      <spirit:abstractionType spirit:vendor="xilinx.com" spirit:library="signal" spirit:name="data_rtl" spirit:version="1.0"/>
      <spirit:master/>
      <spirit:portMaps>
        <spirit:portMap>
          <spirit:logicalPort>
            <spirit:name>DATA</spirit:name>
          </spirit:logicalPort>
          <spirit:physicalPort>
            <spirit:name>THRESH0</spirit:name>
          </spirit:physicalPort>
        </spirit:portMap>
      </spirit:portMaps>
      <spirit:parameters>
        <spirit:parameter>
          <spirit:name>LAYERED_METADATA</spirit:name>
          <spirit:value spirit:resolve="generated" spirit:id="BUSIFPARAM_VALUE.THRESH0_INTF.LAYERED_METADATA">undef</spirit:value>
          <spirit:vendorExtensions>
            <xilinx:parameterInfo>
              <xilinx:parameterUsage>none</xilinx:parameterUsage>
            </xilinx:parameterInfo>
          </spirit:vendorExtensions>
        </spirit:parameter>
      </spirit:parameters>
    </spirit:busInterface>
    <spirit:busInterface>
      <spirit:name>q_intf</spirit:name>
      <spirit:busType spirit:vendor="xilinx.com" spirit:library="signal" spirit:name="data" spirit:version="1.0"/>
      <spirit:abstractionType spirit:vendor="xilinx.com" spirit:library="signal" spirit:name="data_rtl" spirit:version="1.0"/>
      <spirit:master/>
      <spirit:portMaps>
        <spirit:portMap>
          <spirit:logicalPort>
            <spirit:name>DATA</spirit:name>
          </spirit:logicalPort>
          <spirit:physicalPort>
            <spirit:name>Q</spirit:name>
          </spirit:physicalPort>
        </spirit:portMap>
      </spirit:portMaps>
      <spirit:parameters>
        <spirit:parameter>
          <spirit:name>LAYERED_METADATA</spirit:name>
          <spirit:value spirit:resolve="generated" spirit:id="BUSIFPARAM_VALUE.Q_INTF.LAYERED_METADATA">xilinx.com:interface:datatypes:1.0 {DATA {datatype {name {attribs {resolve_type immediate dependency {} format string minimum {} maximum {}} value data} bitwidth {attribs {resolve_type generated dependency bitwidth format long minimum {} maximum {}} value 32} bitoffset {attribs {resolve_type immediate dependency {} format long minimum {} maximum {}} value 0} integer {signed {attribs {resolve_type immediate dependency {} format bool minimum {} maximum {}} value false}}}} DATA_WIDTH 32}</spirit:value>
          <spirit:vendorExtensions>
            <xilinx:parameterInfo>
              <xilinx:parameterUsage>none</xilinx:parameterUsage>
            </xilinx:parameterInfo>
          </spirit:vendorExtensions>
        </spirit:parameter>
      </spirit:parameters>
    </spirit:busInterface>
  </spirit:busInterfaces>
  <spirit:model>
    <spirit:ports>
      <spirit:port>
        <spirit:name>CLK</spirit:name>
        <spirit:wire>
          <spirit:direction>in</spirit:direction>
          <spirit:wireTypeDefs>
            <spirit:wireTypeDef>
              <spirit:typeName>std_logic</spirit:typeName>
              <spirit:viewNameRef>dummy_view</spirit:viewNameRef>
            </spirit:wireTypeDef>
          </spirit:wireTypeDefs>
          <spirit:driver>
            <spirit:defaultValue spirit:format="bitString" spirit:bitStringLength="1">0x0</spirit:defaultValue>
          </spirit:driver>
        </spirit:wire>
      </spirit:port>
      <spirit:port>
        <spirit:name>CE</spirit:name>
        <spirit:wire>
          <spirit:direction>in</spirit:direction>
          <spirit:wireTypeDefs>
            <spirit:wireTypeDef>
              <spirit:typeName>std_logic</spirit:typeName>
              <spirit:viewNameRef>dummy_view</spirit:viewNameRef>
            </spirit:wireTypeDef>
          </spirit:wireTypeDefs>
          <spirit:driver>
            <spirit:defaultValue spirit:format="bitString" spirit:bitStringLength="1">0x1</spirit:defaultValue>
          </spirit:driver>
        </spirit:wire>
        <spirit:vendorExtensions>
          <xilinx:portInfo>
            <xilinx:enablement>
              <xilinx:isEnabled xilinx:resolve="dependent" xilinx:id="PORT_ENABLEMENT.CE" xilinx:dependency="spirit:decode(id(&apos;MODELPARAM_VALUE.C_HAS_CE&apos;)) != 0">false</xilinx:isEnabled>
            </xilinx:enablement>
          </xilinx:portInfo>
        </spirit:vendorExtensions>
      </spirit:port>
      <spirit:port>
        <spirit:name>SCLR</spirit:name>
        <spirit:wire>
          <spirit:direction>in</spirit:direction>
          <spirit:wireTypeDefs>
            <spirit:wireTypeDef>
              <spirit:typeName>std_logic</spirit:typeName>
              <spirit:viewNameRef>dummy_view</spirit:viewNameRef>
            </spirit:wireTypeDef>
          </spirit:wireTypeDefs>
          <spirit:driver>
            <spirit:defaultValue spirit:format="bitString" spirit:bitStringLength="1">0x0</spirit:defaultValue>
          </spirit:driver>
        </spirit:wire>
        <spirit:vendorExtensions>
          <xilinx:portInfo>
            <xilinx:enablement>
              <xilinx:isEnabled xilinx:resolve="dependent" xilinx:id="PORT_ENABLEMENT.SCLR" xilinx:dependency="spirit:decode(id(&apos;MODELPARAM_VALUE.C_HAS_SCLR&apos;)) != 0">false</xilinx:isEnabled>
            </xilinx:enablement>
          </xilinx:portInfo>
        </spirit:vendorExtensions>
      </spirit:port>
      <spirit:port>
        <spirit:name>SSET</spirit:name>
        <spirit:wire>
          <spirit:direction>in</spirit:direction>
          <spirit:wireTypeDefs>
            <spirit:wireTypeDef>
              <spirit:typeName>std_logic</spirit:typeName>
              <spirit:viewNameRef>dummy_view</spirit:viewNameRef>
            </spirit:wireTypeDef>
          </spirit:wireTypeDefs>
          <spirit:driver>
            <spirit:defaultValue spirit:format="bitString" spirit:bitStringLength="1">0x0</spirit:defaultValue>
          </spirit:driver>
        </spirit:wire>
        <spirit:vendorExtensions>
          <xilinx:portInfo>
            <xilinx:enablement>
              <xilinx:isEnabled xilinx:resolve="dependent" xilinx:id="PORT_ENABLEMENT.SSET" xilinx:dependency="spirit:decode(id(&apos;MODELPARAM_VALUE.C_HAS_SSET&apos;)) != 0">false</xilinx:isEnabled>
            </xilinx:enablement>
          </xilinx:portInfo>
        </spirit:vendorExtensions>
      </spirit:port>
      <spirit:port>
        <spirit:name>SINIT</spirit:name>
        <spirit:wire>
          <spirit:direction>in</spirit:direction>
          <spirit:wireTypeDefs>
            <spirit:wireTypeDef>
              <spirit:typeName>std_logic</spirit:typeName>
              <spirit:viewNameRef>dummy_view</spirit:viewNameRef>
            </spirit:wireTypeDef>
          </spirit:wireTypeDefs>
          <spirit:driver>
            <spirit:defaultValue spirit:format="bitString" spirit:bitStringLength="1">0x0</spirit:defaultValue>
          </spirit:driver>
        </spirit:wire>
        <spirit:vendorExtensions>
          <xilinx:portInfo>
            <xilinx:enablement>
              <xilinx:isEnabled xilinx:resolve="dependent" xilinx:id="PORT_ENABLEMENT.SINIT" xilinx:dependency="spirit:decode(id(&apos;MODELPARAM_VALUE.C_HAS_SINIT&apos;)) != 0">false</xilinx:isEnabled>
            </xilinx:enablement>
          </xilinx:portInfo>
        </spirit:vendorExtensions>
      </spirit:port>
      <spirit:port>
        <spirit:name>UP</spirit:name>
        <spirit:wire>
          <spirit:direction>in</spirit:direction>
          <spirit:wireTypeDefs>
            <spirit:wireTypeDef>
              <spirit:typeName>std_logic</spirit:typeName>
              <spirit:viewNameRef>dummy_view</spirit:viewNameRef>
            </spirit:wireTypeDef>
          </spirit:wireTypeDefs>
          <spirit:driver>
            <spirit:defaultValue spirit:format="bitString" spirit:bitStringLength="1">0x1</spirit:defaultValue>
          </spirit:driver>
        </spirit:wire>
        <spirit:vendorExtensions>
          <xilinx:portInfo>
            <xilinx:enablement>
              <xilinx:isEnabled xilinx:resolve="dependent" xilinx:id="PORT_ENABLEMENT.UP" xilinx:dependency="(spirit:decode(id(&apos;MODELPARAM_VALUE.C_COUNT_MODE&apos;)) = 2)">false</xilinx:isEnabled>
            </xilinx:enablement>
          </xilinx:portInfo>
        </spirit:vendorExtensions>
      </spirit:port>
      <spirit:port>
        <spirit:name>LOAD</spirit:name>
        <spirit:wire>
          <spirit:direction>in</spirit:direction>
          <spirit:wireTypeDefs>
            <spirit:wireTypeDef>
              <spirit:typeName>std_logic</spirit:typeName>
              <spirit:viewNameRef>dummy_view</spirit:viewNameRef>
            </spirit:wireTypeDef>
          </spirit:wireTypeDefs>
          <spirit:driver>
            <spirit:defaultValue spirit:format="bitString" spirit:bitStringLength="1">0x0</spirit:defaultValue>
          </spirit:driver>
        </spirit:wire>
        <spirit:vendorExtensions>
          <xilinx:portInfo>
            <xilinx:enablement>
              <xilinx:isEnabled xilinx:resolve="dependent" xilinx:id="PORT_ENABLEMENT.LOAD" xilinx:dependency="spirit:decode(id(&apos;MODELPARAM_VALUE.C_HAS_LOAD&apos;)) != 0">false</xilinx:isEnabled>
            </xilinx:enablement>
          </xilinx:portInfo>
        </spirit:vendorExtensions>
      </spirit:port>
      <spirit:port>
        <spirit:name>L</spirit:name>
        <spirit:wire>
          <spirit:direction>in</spirit:direction>
          <spirit:vector>
            <spirit:left spirit:format="long" spirit:resolve="dependent" spirit:dependency="(spirit:decode(id(&apos;MODELPARAM_VALUE.C_WIDTH&apos;)) - 1)">31</spirit:left>
            <spirit:right spirit:format="long">0</spirit:right>
          </spirit:vector>
          <spirit:wireTypeDefs>
            <spirit:wireTypeDef>
              <spirit:typeName>std_logic_vector</spirit:typeName>
              <spirit:viewNameRef>dummy_view</spirit:viewNameRef>
            </spirit:wireTypeDef>
          </spirit:wireTypeDefs>
          <spirit:driver>
            <spirit:defaultValue spirit:format="long">0</spirit:defaultValue>
          </spirit:driver>
        </spirit:wire>
        <spirit:vendorExtensions>
          <xilinx:portInfo>
            <xilinx:enablement>
              <xilinx:isEnabled xilinx:resolve="dependent" xilinx:id="PORT_ENABLEMENT.L" xilinx:dependency="spirit:decode(id(&apos;MODELPARAM_VALUE.C_HAS_LOAD&apos;)) != 0">false</xilinx:isEnabled>
            </xilinx:enablement>
          </xilinx:portInfo>
        </spirit:vendorExtensions>
      </spirit:port>
      <spirit:port>
        <spirit:name>THRESH0</spirit:name>
        <spirit:wire>
          <spirit:direction>out</spirit:direction>
          <spirit:wireTypeDefs>
            <spirit:wireTypeDef>
              <spirit:typeName>std_logic</spirit:typeName>
              <spirit:viewNameRef>dummy_view</spirit:viewNameRef>
            </spirit:wireTypeDef>
          </spirit:wireTypeDefs>
          <spirit:driver>
            <spirit:defaultValue spirit:format="bitString" spirit:bitStringLength="1">0x1</spirit:defaultValue>
          </spirit:driver>
        </spirit:wire>
        <spirit:vendorExtensions>
          <xilinx:portInfo>
            <xilinx:enablement>
              <xilinx:isEnabled xilinx:resolve="dependent" xilinx:id="PORT_ENABLEMENT.THRESH0" xilinx:dependency="spirit:decode(id(&apos;MODELPARAM_VALUE.C_HAS_THRESH0&apos;)) != 0">false</xilinx:isEnabled>
            </xilinx:enablement>
          </xilinx:portInfo>
        </spirit:vendorExtensions>
      </spirit:port>
      <spirit:port>
        <spirit:name>Q</spirit:name>
        <spirit:wire>
          <spirit:direction>out</spirit:direction>
          <spirit:vector>
            <spirit:left spirit:format="long" spirit:resolve="dependent" spirit:dependency="(spirit:decode(id(&apos;MODELPARAM_VALUE.C_WIDTH&apos;)) - 1)">31</spirit:left>
            <spirit:right spirit:format="long">0</spirit:right>
          </spirit:vector>
          <spirit:wireTypeDefs>
            <spirit:wireTypeDef>
              <spirit:typeName>std_logic_vector</spirit:typeName>
              <spirit:viewNameRef>dummy_view</spirit:viewNameRef>
            </spirit:wireTypeDef>
          </spirit:wireTypeDefs>
        </spirit:wire>
      </spirit:port>
    </spirit:ports>
    <spirit:modelParameters>
      <spirit:modelParameter xsi:type="spirit:nameValueTypeType" spirit:dataType="integer">
        <spirit:name>C_IMPLEMENTATION</spirit:name>
        <spirit:value spirit:format="long" spirit:resolve="generated" spirit:id="MODELPARAM_VALUE.C_IMPLEMENTATION">0</spirit:value>
      </spirit:modelParameter>
      <spirit:modelParameter spirit:dataType="integer">
        <spirit:name>C_VERBOSITY</spirit:name>
        <spirit:value spirit:format="long" spirit:resolve="generated" spirit:id="MODELPARAM_VALUE.C_VERBOSITY">0</spirit:value>
      </spirit:modelParameter>
      <spirit:modelParameter spirit:dataType="string">
        <spirit:name>C_XDEVICEFAMILY</spirit:name>
        <spirit:value spirit:resolve="generated" spirit:id="MODELPARAM_VALUE.C_XDEVICEFAMILY">zynq</spirit:value>
      </spirit:modelParameter>
      <spirit:modelParameter spirit:dataType="integer">
        <spirit:name>C_WIDTH</spirit:name>
        <spirit:value spirit:format="long" spirit:resolve="generated" spirit:id="MODELPARAM_VALUE.C_WIDTH">32</spirit:value>
      </spirit:modelParameter>
      <spirit:modelParameter spirit:dataType="integer">
        <spirit:name>C_HAS_CE</spirit:name>
        <spirit:value spirit:format="long" spirit:resolve="generated" spirit:id="MODELPARAM_VALUE.C_HAS_CE">0</spirit:value>
      </spirit:modelParameter>
      <spirit:modelParameter spirit:dataType="integer">
        <spirit:name>C_HAS_SCLR</spirit:name>
        <spirit:value spirit:format="long" spirit:resolve="generated" spirit:id="MODELPARAM_VALUE.C_HAS_SCLR">0</spirit:value>
      </spirit:modelParameter>
      <spirit:modelParameter spirit:dataType="integer">
        <spirit:name>C_RESTRICT_COUNT</spirit:name>
        <spirit:value spirit:format="long" spirit:resolve="generated" spirit:id="MODELPARAM_VALUE.C_RESTRICT_COUNT">0</spirit:value>
      </spirit:modelParameter>
      <spirit:modelParameter spirit:dataType="string">
        <spirit:name>C_COUNT_TO</spirit:name>
        <spirit:value spirit:resolve="generated" spirit:id="MODELPARAM_VALUE.C_COUNT_TO">1</spirit:value>
      </spirit:modelParameter>
      <spirit:modelParameter spirit:dataType="string">
        <spirit:name>C_COUNT_BY</spirit:name>
        <spirit:value spirit:resolve="generated" spirit:id="MODELPARAM_VALUE.C_COUNT_BY">1</spirit:value>
      </spirit:modelParameter>
      <spirit:modelParameter spirit:dataType="integer">
        <spirit:name>C_COUNT_MODE</spirit:name>
        <spirit:value spirit:format="long" spirit:resolve="generated" spirit:id="MODELPARAM_VALUE.C_COUNT_MODE">0</spirit:value>
      </spirit:modelParameter>
      <spirit:modelParameter spirit:dataType="string">
        <spirit:name>C_THRESH0_VALUE</spirit:name>
        <spirit:value spirit:resolve="generated" spirit:id="MODELPARAM_VALUE.C_THRESH0_VALUE">1</spirit:value>
      </spirit:modelParameter>
      <spirit:modelParameter spirit:dataType="integer">
        <spirit:name>C_CE_OVERRIDES_SYNC</spirit:name>
        <spirit:value spirit:format="long" spirit:resolve="generated" spirit:id="MODELPARAM_VALUE.C_CE_OVERRIDES_SYNC">0</spirit:value>
      </spirit:modelParameter>
      <spirit:modelParameter spirit:dataType="integer">
        <spirit:name>C_HAS_THRESH0</spirit:name>
        <spirit:value spirit:format="long" spirit:resolve="generated" spirit:id="MODELPARAM_VALUE.C_HAS_THRESH0">0</spirit:value>
      </spirit:modelParameter>
      <spirit:modelParameter spirit:dataType="integer">
        <spirit:name>C_HAS_LOAD</spirit:name>
        <spirit:value spirit:format="long" spirit:resolve="generated" spirit:id="MODELPARAM_VALUE.C_HAS_LOAD">0</spirit:value>
      </spirit:modelParameter>
      <spirit:modelParameter spirit:dataType="integer">
        <spirit:name>C_LOAD_LOW</spirit:name>
        <spirit:value spirit:format="long" spirit:resolve="generated" spirit:id="MODELPARAM_VALUE.C_LOAD_LOW">0</spirit:value>
      </spirit:modelParameter>
      <spirit:modelParameter spirit:dataType="integer">
        <spirit:name>C_LATENCY</spirit:name>
        <spirit:value spirit:format="long" spirit:resolve="generated" spirit:id="MODELPARAM_VALUE.C_LATENCY">1</spirit:value>
      </spirit:modelParameter>
      <spirit:modelParameter spirit:dataType="integer">
        <spirit:name>C_FB_LATENCY</spirit:name>
        <spirit:value spirit:format="long" spirit:resolve="generated" spirit:id="MODELPARAM_VALUE.C_FB_LATENCY">0</spirit:value>
      </spirit:modelParameter>
      <spirit:modelParameter spirit:dataType="string">
        <spirit:name>C_AINIT_VAL</spirit:name>
        <spirit:value spirit:resolve="generated" spirit:id="MODELPARAM_VALUE.C_AINIT_VAL">0</spirit:value>
      </spirit:modelParameter>
      <spirit:modelParameter spirit:dataType="string">
        <spirit:name>C_SINIT_VAL</spirit:name>
        <spirit:value spirit:resolve="generated" spirit:id="MODELPARAM_VALUE.C_SINIT_VAL">0</spirit:value>
      </spirit:modelParameter>
      <spirit:modelParameter spirit:dataType="integer">
        <spirit:name>C_SCLR_OVERRIDES_SSET</spirit:name>
        <spirit:value spirit:format="long" spirit:resolve="generated" spirit:id="MODELPARAM_VALUE.C_SCLR_OVERRIDES_SSET">1</spirit:value>
      </spirit:modelParameter>
      <spirit:modelParameter spirit:dataType="integer">
        <spirit:name>C_HAS_SSET</spirit:name>
        <spirit:value spirit:format="long" spirit:resolve="generated" spirit:id="MODELPARAM_VALUE.C_HAS_SSET">0</spirit:value>
      </spirit:modelParameter>
      <spirit:modelParameter spirit:dataType="integer">
        <spirit:name>C_HAS_SINIT</spirit:name>
        <spirit:value spirit:format="long" spirit:resolve="generated" spirit:id="MODELPARAM_VALUE.C_HAS_SINIT">0</spirit:value>
      </spirit:modelParameter>
    </spirit:modelParameters>
  </spirit:model>
  <spirit:choices>
    <spirit:choice>
      <spirit:name>choice_list_424c9206</spirit:name>
      <spirit:enumeration>Reset_Overrides_Set</spirit:enumeration>
      <spirit:enumeration>Set_Overrides_Reset</spirit:enumeration>
    </spirit:choice>
    <spirit:choice>
      <spirit:name>choice_list_57191ce7</spirit:name>
      <spirit:enumeration>UP</spirit:enumeration>
      <spirit:enumeration>DOWN</spirit:enumeration>
      <spirit:enumeration>UPDOWN</spirit:enumeration>
    </spirit:choice>
    <spirit:choice>
      <spirit:name>choice_list_70f31904</spirit:name>
      <spirit:enumeration>Fabric</spirit:enumeration>
      <spirit:enumeration>DSP48</spirit:enumeration>
    </spirit:choice>
    <spirit:choice>
      <spirit:name>choice_list_93ab811d</spirit:name>
      <spirit:enumeration>Automatic</spirit:enumeration>
      <spirit:enumeration>Manual</spirit:enumeration>
    </spirit:choice>
    <spirit:choice>
      <spirit:name>choice_list_dd432bf4</spirit:name>
      <spirit:enumeration>CE_Overrides_Sync</spirit:enumeration>
      <spirit:enumeration>Sync_Overrides_CE</spirit:enumeration>
    </spirit:choice>
    <spirit:choice>
      <spirit:name>choice_list_eb22ba99</spirit:name>
      <spirit:enumeration>Active_High</spirit:enumeration>
      <spirit:enumeration>Active_Low</spirit:enumeration>
    </spirit:choice>
  </spirit:choices>
  <spirit:description>The Xilinx LogiCORE Binary Counter creates up counters, down counters, and up/down counters with output widths ranging up to 256 bits.  The upper count limit is user programmable, and the counter&apos;s increment value can either be user-defined, or specified via an external input port.</spirit:description>
  <spirit:parameters>
    <spirit:parameter>
      <spirit:name>Component_Name</spirit:name>
      <spirit:value spirit:resolve="user" spirit:id="PARAM_VALUE.Component_Name" spirit:order="1">system_c_counter_binary_0_0</spirit:value>
    </spirit:parameter>
    <spirit:parameter>
      <spirit:name>Implementation</spirit:name>
      <spirit:value spirit:resolve="user" spirit:id="PARAM_VALUE.Implementation" spirit:choiceRef="choice_list_70f31904" spirit:order="2">Fabric</spirit:value>
      <spirit:vendorExtensions>
        <xilinx:parameterInfo>
          <xilinx:enablement>
            <xilinx:isEnabled xilinx:resolve="dependent" xilinx:id="PARAM_ENABLEMENT.Implementation">true</xilinx:isEnabled>
          </xilinx:enablement>
        </xilinx:parameterInfo>
      </spirit:vendorExtensions>
    </spirit:parameter>
    <spirit:parameter>
      <spirit:name>Output_Width</spirit:name>
      <spirit:value spirit:format="long" spirit:resolve="user" spirit:id="PARAM_VALUE.Output_Width" spirit:order="3" spirit:minimum="1" spirit:maximum="256" spirit:rangeType="long">32</spirit:value>
      <spirit:vendorExtensions>
        <xilinx:parameterInfo>
          <xilinx:enablement>
            <xilinx:isEnabled xilinx:resolve="dependent" xilinx:id="PARAM_ENABLEMENT.Output_Width">true</xilinx:isEnabled>
          </xilinx:enablement>
        </xilinx:parameterInfo>
      </spirit:vendorExtensions>
    </spirit:parameter>
    <spirit:parameter>
      <spirit:name>Increment_Value</spirit:name>
      <spirit:value spirit:resolve="user" spirit:id="PARAM_VALUE.Increment_Value" spirit:order="4">1</spirit:value>
      <spirit:vendorExtensions>
        <xilinx:parameterInfo>
          <xilinx:enablement>
            <xilinx:isEnabled xilinx:resolve="dependent" xilinx:id="PARAM_ENABLEMENT.Increment_Value">true</xilinx:isEnabled>
          </xilinx:enablement>
        </xilinx:parameterInfo>
      </spirit:vendorExtensions>
    </spirit:parameter>
    <spirit:parameter>
      <spirit:name>Restrict_Count</spirit:name>
      <spirit:value spirit:format="bool" spirit:resolve="user" spirit:id="PARAM_VALUE.Restrict_Count" spirit:order="5">false</spirit:value>
      <spirit:vendorExtensions>
        <xilinx:parameterInfo>
          <xilinx:enablement>
            <xilinx:isEnabled xilinx:resolve="dependent" xilinx:id="PARAM_ENABLEMENT.Restrict_Count">true</xilinx:isEnabled>
          </xilinx:enablement>
        </xilinx:parameterInfo>
      </spirit:vendorExtensions>
    </spirit:parameter>
    <spirit:parameter>
      <spirit:name>Final_Count_Value</spirit:name>
      <spirit:value spirit:resolve="user" spirit:id="PARAM_VALUE.Final_Count_Value" spirit:order="6">1</spirit:value>
      <spirit:vendorExtensions>
        <xilinx:parameterInfo>
          <xilinx:enablement>
            <xilinx:isEnabled xilinx:resolve="dependent" xilinx:id="PARAM_ENABLEMENT.Final_Count_Value">false</xilinx:isEnabled>
          </xilinx:enablement>
        </xilinx:parameterInfo>
      </spirit:vendorExtensions>
    </spirit:parameter>
    <spirit:parameter>
      <spirit:name>Count_Mode</spirit:name>
      <spirit:value spirit:resolve="user" spirit:id="PARAM_VALUE.Count_Mode" spirit:choiceRef="choice_list_57191ce7" spirit:order="7">UP</spirit:value>
      <spirit:vendorExtensions>
        <xilinx:parameterInfo>
          <xilinx:enablement>
            <xilinx:isEnabled xilinx:resolve="dependent" xilinx:id="PARAM_ENABLEMENT.Count_Mode">true</xilinx:isEnabled>
          </xilinx:enablement>
        </xilinx:parameterInfo>
      </spirit:vendorExtensions>
    </spirit:parameter>
    <spirit:parameter>
      <spirit:name>Sync_Threshold_Output</spirit:name>
      <spirit:value spirit:format="bool" spirit:resolve="user" spirit:id="PARAM_VALUE.Sync_Threshold_Output" spirit:order="8">false</spirit:value>
      <spirit:vendorExtensions>
        <xilinx:parameterInfo>
          <xilinx:enablement>
            <xilinx:isEnabled xilinx:resolve="dependent" xilinx:id="PARAM_ENABLEMENT.Sync_Threshold_Output">true</xilinx:isEnabled>
          </xilinx:enablement>
        </xilinx:parameterInfo>
      </spirit:vendorExtensions>
    </spirit:parameter>
    <spirit:parameter>
      <spirit:name>Threshold_Value</spirit:name>
      <spirit:value spirit:resolve="user" spirit:id="PARAM_VALUE.Threshold_Value" spirit:order="9">1</spirit:value>
      <spirit:vendorExtensions>
        <xilinx:parameterInfo>
          <xilinx:enablement>
            <xilinx:isEnabled xilinx:resolve="dependent" xilinx:id="PARAM_ENABLEMENT.Threshold_Value">false</xilinx:isEnabled>
          </xilinx:enablement>
        </xilinx:parameterInfo>
      </spirit:vendorExtensions>
    </spirit:parameter>
    <spirit:parameter>
      <spirit:name>CE</spirit:name>
      <spirit:value spirit:format="bool" spirit:resolve="user" spirit:id="PARAM_VALUE.CE" spirit:order="10">false</spirit:value>
      <spirit:vendorExtensions>
        <xilinx:parameterInfo>
          <xilinx:enablement>
            <xilinx:isEnabled xilinx:resolve="dependent" xilinx:id="PARAM_ENABLEMENT.CE">true</xilinx:isEnabled>
          </xilinx:enablement>
        </xilinx:parameterInfo>
      </spirit:vendorExtensions>
    </spirit:parameter>
    <spirit:parameter>
      <spirit:name>SCLR</spirit:name>
      <spirit:value spirit:format="bool" spirit:resolve="user" spirit:id="PARAM_VALUE.SCLR" spirit:order="11">false</spirit:value>
      <spirit:vendorExtensions>
        <xilinx:parameterInfo>
          <xilinx:enablement>
            <xilinx:isEnabled xilinx:resolve="dependent" xilinx:id="PARAM_ENABLEMENT.SCLR">true</xilinx:isEnabled>
          </xilinx:enablement>
        </xilinx:parameterInfo>
      </spirit:vendorExtensions>
    </spirit:parameter>
    <spirit:parameter>
      <spirit:name>SSET</spirit:name>
      <spirit:value spirit:format="bool" spirit:resolve="user" spirit:id="PARAM_VALUE.SSET" spirit:order="12">false</spirit:value>
      <spirit:vendorExtensions>
        <xilinx:parameterInfo>
          <xilinx:enablement>
            <xilinx:isEnabled xilinx:resolve="dependent" xilinx:id="PARAM_ENABLEMENT.SSET">true</xilinx:isEnabled>
          </xilinx:enablement>
        </xilinx:parameterInfo>
      </spirit:vendorExtensions>
    </spirit:parameter>
    <spirit:parameter>
      <spirit:name>SINIT</spirit:name>
      <spirit:value spirit:format="bool" spirit:resolve="user" spirit:id="PARAM_VALUE.SINIT" spirit:order="13">false</spirit:value>
      <spirit:vendorExtensions>
        <xilinx:parameterInfo>
          <xilinx:enablement>
            <xilinx:isEnabled xilinx:resolve="dependent" xilinx:id="PARAM_ENABLEMENT.SINIT">true</xilinx:isEnabled>
          </xilinx:enablement>
        </xilinx:parameterInfo>
      </spirit:vendorExtensions>
    </spirit:parameter>
    <spirit:parameter>
      <spirit:name>SINIT_Value</spirit:name>
      <spirit:value spirit:resolve="user" spirit:id="PARAM_VALUE.SINIT_Value" spirit:order="14">0</spirit:value>
      <spirit:vendorExtensions>
        <xilinx:parameterInfo>
          <xilinx:enablement>
            <xilinx:isEnabled xilinx:resolve="dependent" xilinx:id="PARAM_ENABLEMENT.SINIT_Value">false</xilinx:isEnabled>
          </xilinx:enablement>
        </xilinx:parameterInfo>
      </spirit:vendorExtensions>
    </spirit:parameter>
    <spirit:parameter>
      <spirit:name>SyncCtrlPriority</spirit:name>
      <spirit:value spirit:resolve="user" spirit:id="PARAM_VALUE.SyncCtrlPriority" spirit:choiceRef="choice_list_424c9206" spirit:order="15">Reset_Overrides_Set</spirit:value>
      <spirit:vendorExtensions>
        <xilinx:parameterInfo>
          <xilinx:enablement>
            <xilinx:isEnabled xilinx:resolve="dependent" xilinx:id="PARAM_ENABLEMENT.SyncCtrlPriority">false</xilinx:isEnabled>
          </xilinx:enablement>
        </xilinx:parameterInfo>
      </spirit:vendorExtensions>
    </spirit:parameter>
    <spirit:parameter>
      <spirit:name>Sync_CE_Priority</spirit:name>
      <spirit:value spirit:resolve="user" spirit:id="PARAM_VALUE.Sync_CE_Priority" spirit:choiceRef="choice_list_dd432bf4" spirit:order="16">Sync_Overrides_CE</spirit:value>
      <spirit:vendorExtensions>
        <xilinx:parameterInfo>
          <xilinx:enablement>
            <xilinx:isEnabled xilinx:resolve="dependent" xilinx:id="PARAM_ENABLEMENT.Sync_CE_Priority">false</xilinx:isEnabled>
          </xilinx:enablement>
        </xilinx:parameterInfo>
      </spirit:vendorExtensions>
    </spirit:parameter>
    <spirit:parameter>
      <spirit:name>AINIT_Value</spirit:name>
      <spirit:value spirit:resolve="user" spirit:id="PARAM_VALUE.AINIT_Value" spirit:order="17">0</spirit:value>
      <spirit:vendorExtensions>
        <xilinx:parameterInfo>
          <xilinx:enablement>
            <xilinx:isEnabled xilinx:resolve="dependent" xilinx:id="PARAM_ENABLEMENT.AINIT_Value">true</xilinx:isEnabled>
          </xilinx:enablement>
        </xilinx:parameterInfo>
      </spirit:vendorExtensions>
    </spirit:parameter>
    <spirit:parameter>
      <spirit:name>Load</spirit:name>
      <spirit:value spirit:format="bool" spirit:resolve="user" spirit:id="PARAM_VALUE.Load" spirit:order="18">false</spirit:value>
      <spirit:vendorExtensions>
        <xilinx:parameterInfo>
          <xilinx:enablement>
            <xilinx:isEnabled xilinx:resolve="dependent" xilinx:id="PARAM_ENABLEMENT.Load">true</xilinx:isEnabled>
          </xilinx:enablement>
        </xilinx:parameterInfo>
      </spirit:vendorExtensions>
    </spirit:parameter>
    <spirit:parameter>
      <spirit:name>Latency_Configuration</spirit:name>
      <spirit:value spirit:resolve="user" spirit:id="PARAM_VALUE.Latency_Configuration" spirit:choiceRef="choice_list_93ab811d" spirit:order="19">Manual</spirit:value>
      <spirit:vendorExtensions>
        <xilinx:parameterInfo>
          <xilinx:enablement>
            <xilinx:isEnabled xilinx:resolve="dependent" xilinx:id="PARAM_ENABLEMENT.Latency_Configuration">true</xilinx:isEnabled>
          </xilinx:enablement>
        </xilinx:parameterInfo>
      </spirit:vendorExtensions>
    </spirit:parameter>
    <spirit:parameter>
      <spirit:name>Latency</spirit:name>
      <spirit:value spirit:format="long" spirit:resolve="user" spirit:id="PARAM_VALUE.Latency" spirit:order="20" spirit:minimum="1" spirit:maximum="32" spirit:rangeType="long">1</spirit:value>
      <spirit:vendorExtensions>
        <xilinx:parameterInfo>
          <xilinx:enablement>
            <xilinx:isEnabled xilinx:resolve="dependent" xilinx:id="PARAM_ENABLEMENT.Latency">true</xilinx:isEnabled>
          </xilinx:enablement>
        </xilinx:parameterInfo>
      </spirit:vendorExtensions>
    </spirit:parameter>
    <spirit:parameter>
      <spirit:name>Fb_Latency_Configuration</spirit:name>
      <spirit:value spirit:resolve="user" spirit:id="PARAM_VALUE.Fb_Latency_Configuration" spirit:choiceRef="choice_list_93ab811d" spirit:order="21">Manual</spirit:value>
      <spirit:vendorExtensions>
        <xilinx:parameterInfo>
          <xilinx:enablement>
            <xilinx:isEnabled xilinx:resolve="dependent" xilinx:id="PARAM_ENABLEMENT.Fb_Latency_Configuration">true</xilinx:isEnabled>
          </xilinx:enablement>
        </xilinx:parameterInfo>
      </spirit:vendorExtensions>
    </spirit:parameter>
    <spirit:parameter>
      <spirit:name>Fb_Latency</spirit:name>
      <spirit:value spirit:format="long" spirit:resolve="user" spirit:id="PARAM_VALUE.Fb_Latency" spirit:order="22" spirit:minimum="0" spirit:maximum="4" spirit:rangeType="long">0</spirit:value>
      <spirit:vendorExtensions>
        <xilinx:parameterInfo>
          <xilinx:enablement>
            <xilinx:isEnabled xilinx:resolve="dependent" xilinx:id="PARAM_ENABLEMENT.Fb_Latency">true</xilinx:isEnabled>
          </xilinx:enablement>
        </xilinx:parameterInfo>
      </spirit:vendorExtensions>
    </spirit:parameter>
    <spirit:parameter>
      <spirit:name>Load_Sense</spirit:name>
      <spirit:value spirit:resolve="user" spirit:id="PARAM_VALUE.Load_Sense" spirit:choiceRef="choice_list_eb22ba99" spirit:order="23">Active_High</spirit:value>
      <spirit:vendorExtensions>
        <xilinx:parameterInfo>
          <xilinx:enablement>
            <xilinx:isEnabled xilinx:resolve="dependent" xilinx:id="PARAM_ENABLEMENT.Load_Sense">false</xilinx:isEnabled>
          </xilinx:enablement>
        </xilinx:parameterInfo>
      </spirit:vendorExtensions>
    </spirit:parameter>
  </spirit:parameters>
  <spirit:vendorExtensions>
    <xilinx:coreExtensions>
      <xilinx:displayName>Binary Counter</xilinx:displayName>
      <xilinx:coreRevision>14</xilinx:coreRevision>
      <xilinx:configElementInfos>
        <xilinx:configElementInfo xilinx:referenceId="BUSIFPARAM_VALUE.CLK_INTF.ASSOCIATED_BUSIF" xilinx:valuePermission="bd"/>
        <xilinx:configElementInfo xilinx:referenceId="BUSIFPARAM_VALUE.CLK_INTF.ASSOCIATED_CLKEN" xilinx:valuePermission="bd"/>
        <xilinx:configElementInfo xilinx:referenceId="BUSIFPARAM_VALUE.CLK_INTF.ASSOCIATED_RESET" xilinx:valuePermission="bd"/>
        <xilinx:configElementInfo xilinx:referenceId="BUSIFPARAM_VALUE.CLK_INTF.CLK_DOMAIN" xilinx:valuePermission="bd"/>
        <xilinx:configElementInfo xilinx:referenceId="BUSIFPARAM_VALUE.CLK_INTF.FREQ_HZ" xilinx:valuePermission="bd"/>
        <xilinx:configElementInfo xilinx:referenceId="BUSIFPARAM_VALUE.CLK_INTF.FREQ_TOLERANCE_HZ" xilinx:valuePermission="bd"/>
        <xilinx:configElementInfo xilinx:referenceId="BUSIFPARAM_VALUE.CLK_INTF.PHASE" xilinx:valuePermission="bd"/>
        <xilinx:configElementInfo xilinx:referenceId="BUSIFPARAM_VALUE.Q_INTF.LAYERED_METADATA" xilinx:valueSource="user" xilinx:valuePermission="bd"/>
        <xilinx:configElementInfo xilinx:referenceId="PARAM_VALUE.Output_Width" xilinx:valueSource="user"/>
      </xilinx:configElementInfos>
    </xilinx:coreExtensions>
    <xilinx:packagingInfo>
      <xilinx:xilinxVersion>2020.2</xilinx:xilinxVersion>
      <xilinx:checksum xilinx:scope="busInterfaces" xilinx:value="8eb7c3be"/>
      <xilinx:checksum xilinx:scope="fileGroups" xilinx:value="00a9a6ec"/>
      <xilinx:checksum xilinx:scope="ports" xilinx:value="ce9d30b8"/>
      <xilinx:checksum xilinx:scope="hdlParameters" xilinx:value="a4073428"/>
      <xilinx:checksum xilinx:scope="parameters" xilinx:value="02370aed"/>
    </xilinx:packagingInfo>
  </spirit:vendorExtensions>
</spirit:component>
